Test File ID,Bouy,Raw File,time1,time2,
1,1,12_16_04_00023.wav,00:05:00.000,00:00:00.000,
1,1,12_16_10_00024.wav,00:05:00.000,00:05:00,
1,1,12_16_15_00025.wav,00:05:00.000,00:10:00,
1,1,12_16_20_00026.wav,00:05:00.000,00:15:00,
1,1,12_16_25_00027.wav,00:05:00.000,00:20:00,
1,1,12_16_30_00028.wav,00:05:00.000,00:25:00,
2,1,12_16_36_00000.wav,00:05:00.000,00:00:00,
2,1,12_16_41_00001.wav,00:05:00.000,00:05:00,
2,1,12_16_46_00002.wav,00:05:00.000,00:10:00,
2,1,12_16_51_00003.wav,00:05:00.000,00:15:00,
2,1,12_16_56_00004.wav,00:05:00.000,00:20:00,
2,1,12_17_01_00005.wav,00:05:00.000,00:25:00,
3,2,12_16_04_00023.wav,00:05:00.000,00:00:00,
3,2,12_16_09_00024.wav,00:05:00.000,00:05:00,
3,2,12_16_14_00025.wav,00:05:00.000,00:10:00,
3,2,12_16_19_00026.wav,00:05:00.000,00:15:00,
3,2,12_16_25_00027.wav,00:05:00.000,00:20:00,
3,2,12_16_30_00028.wav,00:05:00.000,00:25:00,
4,2,12_16_36_00000.wav,00:05:00.000,00:00:00,
4,2,12_16_40_00001.wav,00:05:00.000,00:05:00,
4,2,12_16_46_00002.wav,00:05:00.000,00:10:00,
4,2,12_16_51_00003.wav,00:05:00.000,00:15:00,
4,2,12_16_56_00004.wav,00:05:00.000,00:20:00,
4,2,12_17_01_00005.wav,00:05:00.000,00:25:00,
5,3,12_16_02_00023.wav,00:05:00.000,00:00:00,
5,3,12_16_07_00024.wav,00:05:00.000,00:05:00,
5,3,12_16_12_00025.wav,00:05:00.000,00:10:00,
5,3,12_16_17_00026.wav,00:05:00.000,00:15:00,
5,3,12_16_22_00027.wav,00:05:00.000,00:20:00,
5,3,12_16_27_00028.wav,00:05:00.000,00:25:00,
6,3,12_16_33_00000.wav,00:05:00.000,00:00:00,
6,3,12_16_38_00001.wav,00:05:00.000,00:05:00,
6,3,12_16_43_00002.wav,00:05:00.000,00:10:00,
6,3,12_16_48_00003.wav,00:05:00.000,00:15:00,
6,3,12_16_53_00004.wav,00:05:00.000,00:20:00,
6,3,12_16_58_00005.wav,00:05:00.000,00:25:00,
7,4,12_16_02_00023.wav,00:05:00.000,00:00:00,
7,4,12_16_07_00024.wav,00:05:00.000,00:05:00,
7,4,12_16_13_00025.wav,00:05:00.000,00:10:00,
7,4,12_16_18_00026.wav,00:05:00.000,00:15:00,
7,4,12_16_23_00027.wav,00:05:00.000,00:20:00,
7,4,12_16_28_00028.wav,00:05:00.000,00:25:00,
8,4,12_16_33_00000.wav,00:05:00.000,00:00:00,
8,4,12_16_38_00001.wav,00:05:00.000,00:05:00,
8,4,12_16_43_00002.wav,00:05:00.000,00:10:00,
8,4,12_16_48_00003.wav,00:05:00.000,00:15:00,
8,4,12_16_53_00004.wav,00:05:00.000,00:20:00,
8,4,12_16_58_00005.wav,00:05:00.000,00:25:00,
9,5,12_16_03_00023.wav,00:05:00.000,00:00:00,
9,5,12_16_08_00024.wav,00:05:00.000,00:05:00,
9,5,12_16_13_00025.wav,00:05:00.000,00:10:00,
9,5,12_16_18_00026.wav,00:05:00.000,00:15:00,
9,5,12_16_23_00027.wav,00:05:00.000,00:20:00,
9,5,12_16_28_00028.wav,00:05:00.000,00:25:00,
10,5,12_16_34_00000.wav,00:05:00.000,00:00:00,
10,5,12_16_39_00001.wav,00:05:00.000,00:05:00,
10,5,12_16_44_00002.wav,00:05:00.000,00:10:00,
10,5,12_16_49_00003.wav,00:05:00.000,00:15:00,
10,5,12_16_54_00004.wav,00:05:00.000,00:20:00,
10,5,12_16_59_00005.wav,00:05:00.000,00:25:00,